ABANICO,1,0,0
ABATIDO,0,1,0
ABDALAH,0,0,2
ABDICAR,0,1,0
ABDOMEN,0,1,0
ABIERTA,1,0,5
ABIERTO,0,2,5
ABOGADO,2,0,0
ABONARÉ,0,0,1
ABRAZAR,0,1,0
ABREVIA,0,0,1
ABRIERA,0,1,0
ABRIRLA,0,1,1
ABRIRLO,0,0,1
ABRIRSE,0,2,1
ABRIRÁS,0,0,1
ABSORBÍ,0,0,1
ABSORTO,1,0,0
ABUNDAN,0,0,1
ABUSADO,0,1,0
ACABABA,4,6,4
ACABADO,1,1,2
ACABARA,1,1,0
ACABARÁ,0,3,1
ACABARÉ,0,1,0
ACABASE,1,0,1
ACABÁIS,0,0,1
ACARREÓ,0,0,1
ACCEDER,0,2,0
ACCESOS,0,0,2
ACEPTAN,0,0,1
ACEPTAR,1,0,1
ACEQUIA,5,0,0
ACIERTA,0,1,0
ACIERTO,0,1,0
ACOGIDA,0,0,7
ACOGÍAN,0,1,0
ACOMETE,0,1,0
ACOSADO,1,0,0
ACTITUD,1,13,0
ACTORES,0,1,0
ACUDIRÉ,0,0,1
ACUDÍAN,0,2,0
ACUERDA,1,2,0
ACUERDE,0,1,1
ACUERDO,0,2,1
ACUESTA,0,0,1
ADENTRO,3,0,0
ADIVINA,1,0,2
ADIVINÓ,0,2,0
ADMIRAR,0,0,1
ADMITEN,1,0,0
ADOPTAR,0,4,0
ADORABA,1,1,0
ADORADA,0,3,0
ADORADO,0,1,1
ADORNAR,0,0,1
ADORNOS,1,2,0
ADUANAS,1,1,0
ADUARES,0,0,1
ADVERTÍ,0,0,5
AFICIÓN,0,5,1
AFILADO,0,0,1
AFIRMAR,1,1,0
AFIRMAS,0,0,1
AFLIGIÓ,0,0,2
AFLIGÍA,0,0,1
AFLUÍAN,0,0,1
AFUERAS,5,0,0
AGALLAS,2,0,0
AGENTES,0,7,0
AGITABA,1,2,0
AGITADA,1,0,0
AGITADO,0,2,0
AGONICE,0,1,0
AGOTADO,0,0,1
AGRADAR,0,1,0
AGUANTE,1,0,0
AGUARDO,0,1,0
AGUARDÉ,0,0,1
AGUARDÓ,0,0,2
AGUIJÓN,0,1,0
AHORCAR,0,1,1
AHORQUE,0,2,0
AHORROS,2,0,0
AISLADO,0,1,0
AJORCAS,0,0,1
AJUSTAR,1,1,0
ALABADA,0,1,0
ALABADO,0,1,0
ALADINO,0,0,1
ALARGUÉ,0,0,1
ALARIDO,1,0,0
ALBERGA,0,1,1
ALCALDE,4,1,0
ALCANCE,1,0,1
ALCANZA,0,2,0
ALCANZÓ,0,0,1
ALCOHOL,0,1,0
ALCÁZAR,0,1,0
ALEGABA,0,1,0
ALEGRES,3,3,1
ALEGRÍA,0,14,12
ALEJABA,1,0,1
ALEJADO,0,1,2
ALEJARA,0,1,0
ALFANJE,0,0,7
ALFREDO,0,0,1
ALGUIEN,9,5,9
ALGUNAS,7,23,8
ALGUNOS,17,34,11
ALIADOS,0,0,1
ALIANZA,0,1,0
ALIENTO,0,0,1
ALMACÉN,0,1,0
ALMANSA,0,1,0
ALQUILÓ,0,0,1
ALTERAN,0,1,0
ALTIVEZ,1,0,0
ALTURAS,1,2,0
ALVAREZ,0,7,0
ALZANDO,0,0,1
ALÉJALE,0,0,1
ALÍSATE,0,0,1
AMABLES,0,1,1
AMANTES,0,2,1
AMARGOS,0,0,1
AMASADO,1,0,0
AMENAZA,1,1,1
AMIGOTE,1,0,0
AMISTAD,0,2,2
AMOROSA,0,5,0
AMOROSO,0,1,1
AMPLIAS,0,1,1
AMPLIOS,1,0,0
AMÉRICA,0,0,1
ANCHURA,0,0,1
ANCIANA,0,0,1
ANCIANO,0,0,11
ANDABAN,1,1,0
ANDAMIO,2,0,0
ANDANDO,0,0,3
ANDANTE,1,0,0
ANDARÍA,0,1,0
ANDRAJO,0,1,0
ANGOSTA,1,2,0
ANGOSTO,1,0,0
ANHELAR,0,0,1
ANHELOS,0,0,1
ANILLOS,0,0,1
ANIMABA,1,2,0
ANIMADA,0,1,0
ANIMADO,2,0,0
ANIMOSO,0,0,2
ANORMAL,0,1,0
ANOTABA,0,1,0
ANSIABA,3,3,0
ANSIADA,0,2,0
ANSIADO,0,1,0
ANSIOSA,1,0,0
ANSIOSO,0,1,0
ANTIGUA,2,8,8
ANTIGUO,3,17,1
ANTONIO,14,31,0
ANUNCIA,0,1,0
ANUNCIE,0,1,1
ANUNCIO,0,2,1
ANUNCIÓ,0,0,1
ANZUELO,2,0,0
APAGADA,0,1,0
APALEAR,1,0,0
APARECE,0,1,2
APAREJO,3,0,0
APARTAR,1,0,1
APEARSE,0,1,0
APENADO,0,0,1
APLACAR,0,1,0
APODADO,1,0,0
APODERA,0,0,1
APODERE,0,0,1
APODERÓ,0,3,3
APOYABA,0,1,0
APOYADA,0,1,0
APOYADO,2,0,1
APOYASE,0,0,1
APRECIA,0,1,1
APRENDA,0,0,1
APRENDÍ,0,0,2
APUESTO,0,1,2
APUNTAR,1,0,0
APURADA,0,1,0
APURADO,0,1,0
APÓSTOL,0,2,0
AQUELLA,70,114,32
AQUELLO,18,11,11
AQUÉLLA,0,5,3
ARAÑAZO,0,1,0
ARCADAS,0,1,0
ARCHIVO,0,5,0
ARCONES,1,0,0
ARGOLLA,0,0,1
ARISTAS,1,0,0
ARMADAS,1,1,0
ARMADOS,0,1,0
ARMANDO,1,0,0
ARMARON,0,0,1
ARMAZÓN,0,1,0
ARMONÍA,0,1,0
ARQUERO,0,0,1
ARRAIGÓ,0,1,0
ARRANCA,0,1,0
ARRANCÓ,0,0,1
ARREABA,1,0,0
ARREGLA,1,0,0
ARREGLO,0,2,0
ARREGLÓ,0,0,1
ARRIADO,1,0,0
ARRIBAR,0,0,1
ARROJAN,0,1,0
ARROJAR,0,3,1
ARROJEN,0,0,1
ARROJES,0,1,0
ARROYOS,0,0,1
ARRUGAS,0,3,1
ARTERIA,0,1,0
ARTISTA,2,4,4
ASALTAR,1,0,0
ASALTOS,1,0,3
ASCENSO,1,1,0
ASEGURA,0,5,1
ASEGURO,0,1,1
ASEGURÓ,0,1,1
ASESINA,0,0,1
ASESINE,0,0,1
ASESINO,0,1,6
ASESINÓ,0,0,2
ASFIXIA,0,1,1
ASIDERO,1,0,0
ASIDUOS,0,1,0
ASIENTO,5,5,1
ASIGNAR,0,0,1
ASINTIÓ,0,2,0
ASISTIR,1,3,1
ASISTIÓ,0,1,0
ASISTÍA,0,1,0
ASOCIAR,0,0,1
ASOMABA,2,0,0
ASOMADO,0,1,1
ASOMBRO,4,6,6
ASOMBRÓ,0,0,9
ASPECTO,2,15,8
ASPIRAN,0,1,0
ASTUCIA,0,4,1
ASTUTAS,0,1,0
ASTUTOS,1,0,0
ASUNTOS,2,11,5
ASUSTAR,1,1,1
ATACADA,0,1,0
ATALAYA,0,1,0
ATENTAR,0,1,0
ATENTOS,1,0,0
ATENUAR,0,0,1
ATESORA,0,1,0
ATIENDE,0,0,2
ATIENDO,0,1,0
ATRAPAR,2,2,0
ATREVES,0,0,2
ATREVIÓ,0,4,1
ATREVÍA,0,1,0
ATROCES,1,1,0
AUDACES,0,2,0
AUDACIA,1,3,0
AUGUSTA,0,1,0
AULLABA,1,0,0
AUMENTA,0,0,1
AUMENTO,2,1,0
AURORAS,0,0,1
AUSENTE,0,0,3
AUSENTO,0,0,1
AUSENTÓ,0,0,3
AUSTERA,1,0,0
AUTORES,0,0,1
AUXILIO,2,5,1
AVANZAR,0,3,0
AVANZAS,0,1,0
AVISABA,1,0,0
AVISADO,1,2,1
AVISARA,0,1,0
AVISARÉ,0,1,1
AVISTAR,0,0,1
AYUDABA,4,0,0
AYUDADO,0,1,0
AYUDASE,0,0,1
AZAFRÁN,0,0,1
AZOTADO,1,0,0
AZULADA,1,1,0
AZULADO,0,2,0
AZUZABA,0,1,0
AÑADIDO,0,0,1
BABUCHA,0,0,2
BAJABAN,1,1,0
BAJAMOS,0,1,0
BAJANDO,0,1,1
BAJARON,0,0,4
BAJASEN,1,0,0
BALLENA,0,0,1
BANASTA,1,0,3
BANDEJA,0,0,5
BANDERA,0,1,0
BANDIDO,0,3,0
BARAMKA,0,0,1
BARANDA,0,1,0
BARBERO,0,1,0
BARRACA,9,0,0
BARRIDO,1,1,2
BARRIGA,0,1,0
BARRIOS,0,2,0
BASELGA,0,144,0
BASSORA,0,0,1
BASTABA,3,0,1
BASTADO,0,1,1
BASTERA,0,1,0
BATALLA,1,1,1
BATIRME,0,1,0
BATIRSE,0,2,0
BAUTIZA,1,0,0
BAUTIZO,1,0,0
BAÑARSE,0,0,1
BAÑARTE,0,0,1
BEBIDAS,1,0,4
BEBIMOS,0,0,4
BECERRO,0,0,1
BEDUINO,0,0,1
BELLEZA,6,6,3
BENDIGA,0,0,1
BENDIGO,0,0,1
BENDITA,0,0,1
BENDITO,1,1,2
BESANDO,0,0,2
BESARME,0,0,1
BESARON,1,0,2
BESTIAS,1,1,0
BIGOTES,0,3,1
BILLETE,2,0,0
BIZARRO,1,0,0
BLANCAS,5,1,1
BLANCOS,4,0,2
BLOQUEO,0,1,0
BODEGAS,0,1,0
BOFETÓN,0,1,0
BOHEMIA,1,0,0
BOHEMIO,1,0,0
BOLITAS,0,1,0
BORDADA,0,0,2
BORDADO,0,0,2
BORRADO,1,1,0
BORRICO,0,1,2
BOSQUES,0,1,0
BOSSUET,0,1,0
BOSTEZO,1,1,0
BOTELLA,3,0,0
BOTICAS,1,0,0
BOTONES,2,1,0
BRASERO,0,4,0
BRAVURA,0,1,0
BREBAJE,1,0,0
BRECHAS,0,1,0
BRILLAN,0,1,0
BRILLAR,0,2,1
BRIOSOS,1,0,0
BROCADO,0,0,2
BROCHAS,0,1,0
BROTABA,0,0,2
BROTADO,0,0,1
BRUSCOS,0,1,0
BUFANDO,1,0,0
BURLABA,2,3,0
BURLONA,1,3,0
BUSCABA,5,4,0
BUSCARÁ,0,0,1
BUSCARÉ,0,1,0
BUSCASE,1,0,0
BUSQUES,0,0,1
BUTACAS,2,0,0
BÁRBARA,0,1,0
BÁRBARO,0,1,0
BÍBLICA,0,1,0
CABALLO,2,1,12
CABELLO,0,1,5
CABEZAS,1,1,2
CACERÍA,0,0,1
CADALSO,0,1,0
CADENAS,1,1,1
CADERAS,1,0,0
CADÁVER,0,3,1
CAERÍAN,0,1,0
CAJONES,1,0,0
CALADOS,0,0,1
CALCULA,1,0,0
CALCULE,0,2,0
CALDERA,1,0,0
CALDERO,0,0,1
CALETRE,1,0,0
CALIDAD,0,2,4
CALIFAS,0,0,2
CALLABA,1,0,0
CALLADA,0,1,0
CALLADO,0,1,0
CALLEJA,0,1,1
CALLOSA,2,0,0
CALMADO,0,0,1
CALORES,0,1,0
CAMARÍN,0,0,1
CAMBIAN,0,0,1
CAMBIAR,1,2,1
CAMELLO,0,0,1
CAMINAR,0,0,2
CAMINOS,2,0,0
CAMPANA,1,1,0
CAMPAÑA,0,4,0
CAMPEÓN,0,4,0
CANALLA,0,6,0
CANCIÓN,0,1,2
CANSADA,1,2,0
CANSADO,0,1,3
CANTABA,1,1,1
CANTADA,1,0,0
CAPACES,1,2,2
CAPAZOS,1,0,0
CAPITAL,0,9,5
CAPITÁN,0,14,10
CARECEN,0,2,0
CARECER,0,1,1
CARECÍA,0,0,1
CAREZCO,0,1,0
CARGABA,0,0,1
CARGADA,1,2,1
CARGADO,2,0,2
CARGUES,0,0,1
CARICIA,3,1,0
CARIDAD,0,1,0
CARITAS,1,0,0
CARMESÍ,0,0,1
CARNERO,0,0,3
CARNOSO,1,0,0
CARRERA,2,1,0
CARRETA,1,0,0
CARTERA,0,1,0
CASACAS,0,2,0
CASADOS,1,0,0
CASARME,0,1,0
CASARON,1,1,1
CASARSE,3,1,2
CASARTE,0,0,1
CASCADO,0,1,0
CASERÓN,0,5,0
CASITAS,2,0,0
CASTIGO,0,0,5
CASUCHA,2,0,0
CATORCE,6,0,0
CAUSABA,0,13,0
CAUSADO,0,3,1
CAUSARÁ,0,1,0
CAUSÁIS,0,1,0
CAUTELA,0,2,0
CAUTIVA,0,0,1
CAVARON,0,0,1
CAYENDO,3,0,1
CAYERAN,0,2,0
CAYERAS,0,1,0
CAYERON,1,1,3
CAYESEN,2,0,1
CAYESES,0,0,1
CAZANDO,1,0,0
CAZUELA,2,0,0
CAÑONES,0,9,0
CEBOLLA,2,0,0
CEGARON,1,0,1
CEGUERA,2,0,0
CELEBRA,0,0,1
CELESTE,0,1,0
CENAMOS,0,0,1
CENIZAS,0,1,2
CERCADO,1,0,0
CERCANA,0,2,0
CERCANO,0,2,1
CEREBRO,3,13,1
CERRABA,2,0,0
CERRADA,1,4,2
CERRADO,2,2,1
CERRAJA,0,2,0
CERROJO,1,0,0
CERTERO,1,1,0
CERTEZA,0,5,1
CESAMOS,0,0,1
CESARON,0,0,3
CEÑIRSE,0,0,1
CEÑUDOS,0,1,0
CHARLAR,0,1,0
CHEITÁN,0,0,1
CHISMES,0,1,0
CHISPAS,4,0,2
CHOQUES,1,0,0
CHORROS,0,1,0
CHUPABA,1,0,0
CIENCIA,0,1,9
CIENTOS,0,1,0
CIERTAS,3,9,1
CIERTOS,2,10,0
CIFRABA,0,1,0
CIGARRO,2,0,0
CINCELÓ,0,0,1
CINTURA,1,0,0
CIRCULA,0,0,1
CIRCULÓ,0,0,1
CITANDO,0,1,0
CITARLO,0,1,0
CLAUDIO,0,61,0
CLÁSICA,0,1,1
CLÉRIGO,0,3,0
COBARDE,0,3,0
COBRARÉ,0,0,1
COBRIZO,1,0,0
COCHERA,2,0,0
COCHERO,6,0,0
COCINAS,0,1,0
CODICIA,1,0,0
COGERLO,0,0,1
COGERÁS,0,0,1
COGOLLO,1,0,0
COLCHÓN,0,0,1
COLEGAS,0,1,0
COLEGIO,0,18,0
COLGABA,0,0,1
COLGADO,0,0,2
COLINAS,0,0,1
COLIRIO,0,0,1
COLMABA,0,0,1
COLMADO,0,1,3
COLMARÉ,0,0,1
COLOQUÉ,0,0,1
COLORES,5,1,4
COLOREÓ,0,1,0
COLOSAL,1,3,0
COLUMNA,0,1,2
COMARCA,0,0,1
COMBATE,0,4,0
COMEDIA,0,4,0
COMEMOS,1,0,0
COMENCÉ,0,0,4
COMENZÓ,0,10,8
COMEROS,0,0,1
COMERSE,1,0,0
COMETAS,0,1,0
COMETER,0,2,2
COMETIÓ,0,0,1
COMETÍA,0,1,0
COMIDAS,0,1,0
COMIERA,1,0,0
COMIMOS,0,0,4
COMPARE,0,0,1
COMPRAR,0,1,9
COMPRAS,1,0,0
COMUNES,0,1,0
CONCEDA,0,3,0
CONCEDE,0,1,0
CONCEDO,0,0,2
CONCEDÍ,0,1,0
CONCHAS,1,0,0
CONCISO,0,1,0
CONDESA,2,22,0
CONDUCE,0,0,2
CONDUJO,0,0,3
CONFESÓ,0,1,0
CONFIAR,0,1,0
CONFUSA,0,3,0
CONFUSO,0,3,1
CONFÍAN,0,1,0
CONJURO,0,0,8
CONMIGO,0,2,19
CONOCEN,2,1,0
CONOCER,1,12,2
CONOCES,0,2,0
CONOCIÓ,0,2,0
CONOCÍA,0,8,4
CONOZCA,0,0,1
CONOZCO,1,11,1
CONSEJO,3,4,4
CONSIGO,0,0,1
CONSOLA,0,1,0
CONSUME,0,1,0
CONTABA,2,0,0
CONTADO,0,0,3
CONTARÁ,0,0,1
CONTARÉ,0,0,8
CONTIGO,1,1,9
CONTUVO,1,0,0
CONVITE,1,0,0
COPIADO,0,0,1
CORAZAS,0,1,0
CORAZÓN,0,10,31
CORDAJE,2,0,0
CORDIAL,0,0,1
CORDURA,0,1,0
CORNEJA,0,0,1
CORNETA,1,0,0
CORNUDO,0,0,1
CORREAS,0,0,1
CORREOS,0,1,1
CORRIDO,2,0,0
CORRÍAN,0,0,4
CORTADA,0,1,1
CORTADO,0,1,3
CORTARÁ,0,0,1
CORTEJO,1,0,0
CORTIJO,0,1,0
CORTINA,0,5,0
COSERTE,0,0,1
COSIDAS,0,0,1
COSTABA,1,0,0
COSTADO,0,2,2
COSTARA,1,0,1
COVOYES,0,1,0
CREABAN,0,1,0
CREADOR,0,0,1
CREANDO,0,1,0
CREARON,0,0,1
CREARSE,0,1,0
CRECIDO,0,1,0
CRECÍAN,0,1,0
CREERLA,1,1,0
CREERLO,0,0,1
CREERME,0,1,0
CREERSE,0,2,0
CREERÍA,0,1,1
CREYERA,0,1,0
CREÍAME,0,0,1
CREÍASE,0,1,0
CREÍMOS,0,0,1
CRIADAS,1,0,0
CRIADOS,1,2,0
CRIANZA,0,0,1
CRIARSE,0,0,1
CRIOLLO,0,1,0
CRISTAL,1,1,1
CRUCERO,2,0,0
CRUELES,4,4,3
CRUJIDO,1,0,0
CRUZABA,1,0,0
CRUZADO,1,2,0
CRÉDITO,0,0,1
CRÉDULO,0,1,0
CRÍTICA,0,0,3
CRÍTICO,0,0,1
CRÓNICA,0,1,0
CUADROS,0,1,0
CUANTAS,3,4,5
CUANTOS,8,16,8
CUANTÍA,0,0,1
CUARTEL,0,2,0
CUARTOS,0,1,1
CUELLOS,1,0,1
CUENTAS,3,2,1
CUENTES,0,0,3
CUENTOS,1,1,23
CUERDAS,0,0,1
CUERNOS,0,0,1
CUERPOS,0,5,0
CUESTAN,1,0,0
CUIDABA,0,3,0
CUIDADO,2,2,4
CULEBRA,0,0,4
CULTIVO,1,0,0
CULTURA,0,1,2
CUMPLAN,0,0,1
CUMPLES,0,0,4
CUMPLID,0,1,0
CUMPLIR,2,15,5
CURARSE,0,1,0
CURARÁS,0,0,1
CURIOSA,1,0,0
CURIOSO,0,1,1
CURVADA,1,0,0
CUÁNTOS,0,1,0
CÁNTARO,0,0,1
CÁUCASO,0,0,1
CÉLEBRE,0,8,1
CÍRCULO,0,0,1
CÓMICOS,0,1,0
CÓRDOBA,0,1,0
CÓRDOVA,0,7,0
CÓRTALE,0,0,1
DAMASCO,0,0,2
DEBEMOS,0,3,4
DEBERES,1,5,2
DEBERSE,1,0,0
DEBIERA,0,1,0
DECAÍDA,0,1,0
DECENTE,2,0,0
DECIDIR,0,2,0
DECIDIÓ,0,5,1
DECIDME,0,1,0
DECIRLA,1,0,0
DECIRLE,2,3,1
DECIRME,0,2,1
DECIROS,0,0,1
DECIRSE,1,1,1
DECIRTE,0,0,1
DECLARO,1,0,0
DECLARÉ,0,1,0
DECLARÓ,0,1,0
DEDICAR,0,1,0
DEDILLO,0,1,0
DEFECTO,0,6,0
DEFENSA,1,9,1
DEFINIÓ,0,1,0
DEGOLLÓ,0,1,0
DEJABAN,2,3,0
DEJAMOS,0,1,2
DEJANDO,2,11,3
DEJARAS,0,0,1
DEJARLO,0,2,0
DEJARME,0,2,0
DEJARON,1,0,3
DEJARSE,4,2,0
DEJARÁS,0,0,1
DEJARÍA,0,0,1
DEJASEN,1,0,0
DEJASTE,0,0,1
DEJEMOS,0,1,1
DELANTE,3,4,16
DELATEN,0,1,0
DELEITA,0,0,1
DELGADA,2,0,0
DELICIA,0,2,3
DELIRIO,1,3,0
DELITOS,0,2,0
DEMANDA,0,1,2
DEMONIO,1,2,0
DEPENDE,0,1,2
DERECHA,0,0,3
DERECHO,5,8,4
DERRAMA,0,2,0
DERRAMÉ,0,0,1
DERRAMÓ,0,0,2
DERRIBÓ,0,0,2
DERROTA,0,1,0
DESCOCO,0,1,0
DESEABA,4,7,5
DESEADA,0,1,0
DESEOSA,0,1,0
DESEOSO,0,2,0
DESFILE,0,2,1
DESHACE,1,0,0
DESIGNA,0,1,2
DESISTA,0,1,0
DESMAYO,1,0,0
DESMAYÉ,0,0,1
DESMAYÓ,0,0,1
DESNUDA,0,0,5
DESNUDO,1,1,0
DESNUDÓ,0,0,6
DESPEGO,0,1,0
DESPEGÓ,0,1,0
DESPOJA,0,1,0
DESPOJO,1,0,0
DESPOJÓ,0,0,2
DESPUÉS,0,78,196
DESTINA,0,1,0
DESTINO,1,1,14
DESTINÓ,0,1,0
DESVIAR,0,0,2
DETALLE,0,3,0
DETENER,1,1,0
DETENÍA,0,1,0
DETESTO,0,0,2
DETIENE,1,0,1
DEVOLVÍ,0,0,1
DEVORAR,1,1,1
DEVOTAS,0,2,0
DEVOTOS,0,6,0
DIABLOS,1,2,0
DIARIAS,0,1,0
DICHOSA,0,0,1
DICHOSO,0,1,1
DIENTES,1,1,2
DIESTRA,0,3,0
DIFUNTA,1,1,0
DIFUNTO,0,1,0
DIFÍCIL,0,2,1
DIGAMOS,0,1,0
DIJERAN,1,0,0
DIJERON,0,0,8
DIJESEN,1,0,0
DIJIMOS,0,0,1
DILUVIO,0,3,0
DIMITIR,1,0,0
DINARES,0,0,16
DIRECTA,0,1,4
DIREMOS,0,1,0
DIRIGEN,0,1,0
DIRIGIR,0,5,2
DIRIGIÓ,0,4,13
DIRIGÍA,0,5,2
DISIPAR,0,1,0
DISPARA,0,0,1
DISPARÉ,0,0,1
DISPARÓ,0,1,0
DISPONE,0,0,2
DISPUSE,0,0,3
DISPUSO,0,0,12
DISPUTA,1,0,0
DISTRAE,0,1,0
DIVERSO,0,1,0
DIVIDIR,0,0,1
DIVINAS,0,1,0
DIVISAS,0,0,1
DJANHAR,0,0,1
DJILIAD,0,0,1
DOBLABA,0,2,0
DOCENAS,0,1,0
DOLORES,2,2,2
DOMADOR,1,0,0
DOMINAR,1,3,1
DOMINEN,0,1,0
DOMINGO,3,0,0
DOMINIO,0,1,2
DORADAS,1,1,0
DORADOS,0,2,0
DORMIDA,0,0,1
DORMIDO,2,0,2
DORMIRÁ,0,1,0
DORMÍAN,0,1,0
DUDANDO,0,2,0
DULZURA,1,2,1
DUQUESA,0,26,0
DURABAN,1,0,0
DURANTE,5,17,46
DURARAN,0,0,1
DURARÁN,0,0,1
DÁNDOLE,0,3,1
DÁNDOME,0,1,3
DÁNDOSE,0,2,0
DÁTILES,0,0,1
DÉBILES,0,1,1
ECHABAN,1,1,0
ECHAMOS,0,0,2
ECHANDO,4,1,2
ECHARLA,2,0,0
ECHARLE,0,1,0
ECHARON,0,0,8
ECHARRI,0,3,0
ECHARSE,1,0,2
ECHARTE,0,0,2
EDICIÓN,0,1,9
EDUCADA,1,0,0
EDUQUEN,0,1,0
EFECTOS,1,1,2
EGOÍSMO,0,1,0
EJECUTÓ,0,0,1
EJEMPLO,0,1,5
EJERCER,0,3,1
ELEGIDO,0,0,1
ELEVADA,0,0,2
ELEVADO,0,0,1
ELEVÓSE,0,1,0
ELOGIOS,0,2,1
EMBARGO,0,1,2
EMBATES,0,0,1
EMOCIÓN,0,3,7
EMPAQUE,0,2,0
EMPEZAD,0,0,1
EMPIECE,0,1,0
EMPIEZA,0,0,4
EMPLEOS,0,0,1
EMPRESA,0,3,3
EMPUJÓN,0,1,0
EMPUÑAR,0,1,0
ENAMORA,0,1,0
ENAMORÓ,0,1,0
ENCANTO,1,1,0
ENCANTÓ,0,0,3
ENCARGA,0,1,1
ENCARGO,1,3,0
ENCARGÓ,0,1,1
ENCERRÓ,0,1,2
ENCUBRO,0,1,0
ENEMIGA,0,1,0
ENEMIGO,6,7,6
ENERGÍA,0,3,0
ENFERMA,5,1,2
ENFERMO,2,0,2
ENGAÑAR,0,1,0
ENOJADA,0,1,0
ENOJOSA,0,1,0
ENOJOSO,0,1,0
ENORMES,5,4,4
ENREDOS,0,1,0
ENRIQUE,0,2,0
ENSEÑAN,0,1,0
ENTERAN,0,0,1
ENTERAS,1,1,0
ENTEROS,3,0,0
ENTERRÉ,0,0,2
ENTRABA,4,3,0
ENTRADA,1,8,3
ENTRADO,4,4,3
ENTREGA,0,1,0
ENTREGO,0,0,2
ENTREGÓ,0,3,6
ENUMERÓ,0,0,1
ENVIABA,2,4,0
ENVIADO,0,4,1
ENVIARA,0,0,1
ENVIDIA,2,0,2
ENVIÉIS,0,1,0
ENVOLVÍ,0,0,1
EPOPEYA,0,1,0
EPÍLOGO,0,0,1
EQUIPOS,0,0,1
ERGUIDA,1,1,0
ERIZABA,1,0,0
ERIZADA,0,1,0
ERNESTO,0,0,1
ERRORES,0,2,0
ERUCTOS,1,0,0
ERÓTICA,0,0,1
ERÓTICO,0,0,2
ESBELTA,4,0,0
ESBELTO,1,0,3
ESCAMAS,2,0,0
ESCAPAR,1,3,1
ESCASAS,0,2,0
ESCASEZ,0,1,0
ESCASOS,0,0,1
ESCENAS,1,2,6
ESCLAVA,0,3,13
ESCLAVO,1,3,9
ESCOBAS,3,0,0
ESCOGEN,0,1,0
ESCOGER,2,0,2
ESCOGIÓ,0,1,0
ESCOJAS,0,0,1
ESCONDÍ,0,0,1
ESCRIBA,0,1,1
ESCRIBE,0,1,1
ESCRIBÍ,0,0,2
ESCRITA,0,1,4
ESCRITO,0,11,13
ESCUCHA,0,0,1
ESCUCHO,0,1,0
ESCUCHÓ,0,1,3
ESCUDOS,0,1,0
ESCUELA,0,4,1
ESCUETA,1,0,0
ESCUPEN,1,0,0
ESCUPIÓ,0,0,1
ESENCIA,0,0,1
ESFERAS,0,1,0
ESPACIO,4,4,2
ESPADAS,0,4,0
ESPALDA,2,2,2
ESPANTO,1,2,1
ESPANTÓ,0,1,0
ESPARTO,3,0,0
ESPAÑOL,0,3,2
ESPECIE,0,4,7
ESPEJOS,1,0,0
ESPERAN,0,2,1
ESPERAR,0,4,2
ESPERAS,0,1,0
ESPESAS,0,1,0
ESPESOS,1,0,0
ESPIADO,1,1,0
ESPOSAS,0,1,3
ESPOSOS,0,0,1
ESPUMAS,2,0,0
ESQUILO,0,0,1
ESQUINA,1,0,0
ESQUIVA,1,1,0
ESTABAN,15,14,17
ESTABLO,1,0,2
ESTACAS,1,0,1
ESTADOS,0,1,2
ESTAMOS,2,4,5
ESTANDO,4,2,2
ESTARLE,0,1,0
ESTARÁN,0,1,1
ESTARÍA,0,2,0
ESTATUA,0,1,2
ESTEBAN,0,30,0
ESTRADO,0,0,1
ESTRIBO,1,0,0
ESTUDIA,0,1,0
ESTUDIO,0,0,2
ESTUDIÓ,0,1,0
ETERNAS,0,1,0
EUNUCOS,0,1,0
EUROPEA,0,0,3
EVACUAR,0,0,1
EVITABA,0,1,0
EVITARÁ,0,1,0
EVITARÉ,0,0,1
EVOCABA,0,1,0
EXCEPTO,0,0,1
EXCESOS,0,1,0
EXCITAR,0,1,0
EXCLAMÓ,0,2,11
EXCUSAS,0,2,0
EXIGIRÁ,0,0,1
EXIGUAS,0,1,0
EXISTEN,0,2,1
EXISTIR,0,1,0
EXISTÍA,0,3,1
EXPANDE,0,0,1
EXPERTA,0,1,0
EXPERTO,0,1,0
EXPIRAR,0,1,0
EXPLICA,0,0,3
EXPLICÓ,0,0,4
EXPONEN,1,0,0
EXPONER,0,3,1
EXPONÍA,0,1,0
EXPRESO,0,1,0
EXPULSÓ,0,1,0
EXTENDÍ,0,0,1
EXTENSA,0,1,0
EXTRAJO,0,0,1
EXTRAÍA,0,1,0
EXTRAÑA,0,4,2
EXTRAÑE,0,1,0
EXTRAÑO,0,4,1
EXTREMO,4,20,2
FABRICO,1,0,0
FABRICÓ,0,0,1
FACETAS,0,0,1
FACHADA,0,3,0
FALANGE,0,1,0
FALTABA,3,2,1
FALTADO,1,0,1
FALTARÉ,0,1,0
FALTASE,2,0,0
FAMILIA,15,9,3
FAMOSAS,0,0,1
FANGOSA,1,0,0
FAROLES,0,0,1
FATIGAS,1,1,2
FAVORES,0,3,2
FEALDAD,0,0,1
FEDERAL,0,1,0
FELICES,3,3,2
FEMENIL,1,5,0
FEROCES,0,3,0
FIARNOS,0,0,1
FIEREZA,0,1,0
FIGURAR,0,1,0
FIGURAS,0,3,0
FIHRIST,0,0,1
FIJABAN,1,0,0
FIJANDO,1,1,0
FIJARSE,2,3,0
FINGIRÁ,0,0,1
FIRMABA,0,1,0
FIRMEZA,2,1,0
FLANCOS,2,0,0
FLECHAS,0,0,5
FLOREOS,0,1,0
FLOTABA,5,0,0
FOGOSAS,0,1,0
FOLLAJE,2,0,0
FOLLETO,0,3,0
FONTANA,0,1,0
FORMABA,1,0,1
FORMADA,0,1,0
FORMADO,1,0,1
FORMÓSE,0,1,0
FORNIDA,1,0,0
FORRADO,1,0,0
FORRAJE,0,0,2
FORTUNA,1,13,6
FORZOSA,0,1,0
FRACASO,0,0,1
FRAILES,0,6,0
FRANCIA,0,11,0
FRANCÉS,0,3,2
FRANJAS,1,1,0
FRAUDES,0,0,1
FRESCOR,0,0,2
FRESCOS,0,1,0
FRIENDO,0,0,1
FRIERAN,0,0,1
FRUNCIR,1,0,0
FUENTES,0,1,1
FUERTES,5,3,2
FUERZAS,6,4,3
FUESEIS,0,0,2
FUGARSE,1,0,0
FULLERO,0,1,0
FUMANDO,2,0,0
FUNCIÓN,0,1,0
FUNESTA,0,0,1
FURIOSA,0,2,0
FURIOSO,3,1,0
FURORES,0,1,0
FURTIVA,0,1,0
FUSILAR,1,1,0
FUSILES,1,1,0
FUSTIGÓ,0,0,1
FUTUROS,0,1,0
FÁBRICA,0,1,0
FÁCILES,0,1,1
FÉRREAS,0,1,0
FÉRREOS,0,1,0
FÍNGETE,0,0,1
FÍSICAS,0,2,0
FÍSICOS,0,1,0
FÓRMULA,0,1,1
FÚNEBRE,0,1,0
GACELAS,0,0,1
GALANES,1,0,0
GALANTE,0,3,0
GALLAND,0,0,5
GALLITO,1,0,0
GALOPAR,0,0,3
GANADOS,0,0,1
GANANDO,0,1,0
GANARON,0,1,0
GANARSE,3,0,1
GANARTE,0,0,1
GANARÍA,0,1,0
GANGOSA,0,1,0
GANOSOS,0,1,0
GASTABA,2,0,0
GASTADO,0,0,1
GATILLO,2,0,0
GEMIDOS,2,1,0
GEMIRÍA,0,0,2
GENERAL,0,11,1
GENUINA,0,1,0
GIGANTE,2,4,2
GIRANDO,1,0,0
GLORIAM,0,1,0
GOBERNÉ,0,0,1
GOBERNÓ,0,0,1
GOLPEAR,0,1,1
GOTEABA,0,0,1
GOZABAN,1,1,0
GOZANDO,0,0,1
GRABADA,0,0,1
GRABADO,0,0,1
GRACIAS,4,7,23
GRANADA,0,1,3
GRANADO,0,0,1
GRANDES,3,29,17
GRIEGOS,0,0,3
GRIETAS,2,0,0
GRITABA,4,0,0
GROSERA,0,1,0
GRUESAS,0,1,1
GRUESOS,2,1,0
GRUMETE,2,0,0
GRÁFICA,0,0,1
GUARDAN,0,3,0
GUARDAR,3,2,2
GUARDEN,0,1,0
GUARDIA,8,28,0
GUERRAS,0,1,0
GUIABAN,1,0,0
GUIADOS,0,1,0
GUIARON,0,0,1
GUIARSE,0,1,0
GUIARTE,0,1,0
GUILLEM,0,0,1
GUISADO,0,0,1
GUIÑABA,0,0,1
GUSTABA,0,1,0
GUSTADO,0,0,1
GUSTOSO,0,0,1
GÉNEROS,0,0,3
HABERLA,0,2,1
HABERLE,0,0,3
HABERLO,0,1,0
HABERME,0,2,2
HABEROS,0,0,1
HABERSE,0,4,7
HABERTE,0,0,1
HABITAR,0,1,0
HABLABA,12,11,2
HABLADO,2,3,2
HABLARÁ,0,0,1
HABLARÉ,0,1,2
HABLASE,1,0,0
HABLÉIS,0,0,2
HABRÍAN,0,0,1
HABÍALE,0,1,0
HABÍASE,0,1,0
HACEDOR,0,1,0
HACEMOS,0,1,0
HACERLA,2,2,3
HACERLE,2,5,0
HACERLO,1,1,2
HACERME,2,8,0
HACERSE,2,3,0
HACERTE,0,1,5
HACÍAME,0,0,1
HACÍASE,0,1,0
HAGAMOS,0,1,0
HALAGAR,0,5,0
HALAGOS,0,1,0
HALLABA,1,1,6
HARAPOS,0,0,1
HAREMOS,0,1,0
HARTURA,1,0,0
HAYAMOS,0,1,0
HAZAÑAS,0,3,1
HELADOS,0,1,0
HERALDO,1,0,0
HERIDAS,0,7,0
HERIDOS,1,0,0
HERIRLA,0,0,1
HERIRÍA,0,1,0
HERMANA,0,1,33
HERMANO,4,36,21
HERMANT,0,0,1
HERMOSA,17,22,12
HERMOSO,2,12,10
HEROICA,0,0,1
HEROICO,0,4,1
HICIERA,2,2,0
HICIESE,1,2,0
HICIMOS,0,2,2
HICISTE,0,0,1
HIERBAS,0,1,0
HIERROS,1,0,1
HIGUERA,1,0,0
HILILLO,1,0,0
HOGARES,0,1,0
HOGUERA,0,1,1
HOJEABA,1,0,0
HOMBRES,27,28,14
HOMBROS,6,3,7
HOMBRÓN,0,1,0
HONORES,0,5,0
HONRABA,0,2,0
HONRADA,1,1,0
HONRADO,0,4,2
HONROSO,1,1,0
HOYUELO,0,1,0
HUBIERA,7,19,5
HUBIESE,7,1,4
HUBIMOS,0,0,3
HUELLAS,0,2,5
HUERTOS,2,0,0
HUMANAS,0,1,1
HUMANOS,0,0,2
HUMEDAD,1,0,0
HUMILDE,1,9,2
HUMILLO,1,0,0
HUNDIDO,1,0,0
HUNDÍAN,0,0,1
HURAÑOS,0,1,0
HUSSEIN,0,0,1
HUYENDO,1,3,1
HUYERON,0,1,0
HUÉSPED,0,0,1
HUÍAMOS,0,0,1
HÁBITOS,0,3,0
HÁBLALE,0,1,0
HÁBLAME,0,0,1
HÚMEDAS,0,0,2
IDEALES,0,1,0
IDIOMAS,0,0,1
IDIOTEZ,0,1,0
IGLESIA,1,4,0
IGNACIO,0,3,0
IGUALES,1,3,2
ILUMINA,0,0,1
ILUMINÓ,0,0,1
ILUSIÓN,0,2,0
ILUSTRE,0,3,2
IMBÉCIL,0,3,0
IMITABA,0,1,0
IMPEDIR,0,0,1
IMPEDÍA,0,0,1
IMPERIO,0,4,0
IMPLORÉ,0,0,1
IMPLORÓ,0,0,1
IMPONER,1,0,1
IMPONÍA,0,1,0
IMPORTA,1,2,0
IMPORTE,0,2,0
IMPULSA,0,1,0
IMPULSO,1,0,0
IMPULSÓ,0,1,1
IMÍTAME,0,1,0
INCAPAZ,1,7,0
INCLINÉ,0,0,1
INCLINÓ,0,3,1
INCLUSO,0,1,1
INCULTO,0,1,0
INCURRA,1,0,0
INDICAN,0,0,1
INDICAR,0,2,0
INDICIO,0,1,0
INDIGNA,0,2,1
INDIGNO,1,2,1
INDIQUE,0,2,0
INDIQUÉ,0,0,1
INDULTE,0,0,1
INDULTO,3,0,2
INERCIA,0,1,0
INFAMES,0,1,1
INFANTE,0,2,0
INFECTA,2,0,0
INFELIZ,3,9,0
INFLUIR,0,2,0
INFORME,0,1,0
INGENIO,0,2,1
INGENUA,1,1,1
INGENUO,0,1,1
INGLESA,1,2,0
INGRATA,0,1,0
INGRATO,0,1,0
INGRESÓ,0,1,0
INICIAL,1,0,0
INMENSA,2,6,1
INMENSO,1,8,1
INMÓVIL,0,2,0
INSECTO,0,2,0
INSPIRA,0,3,1
INSTALÓ,0,0,1
INTENSA,0,1,0
INTENSO,1,1,0
INTENTA,0,1,0
INTENTE,1,0,0
INTENTO,0,1,0
INTENTÓ,0,1,4
INTERNÉ,0,0,1
INTERNÓ,0,1,1
INTERÉS,0,4,2
INTRUSO,0,1,1
INVADIR,0,1,0
INVADÍA,0,2,0
INVASOR,0,1,0
INVENTE,0,1,0
INVENTÓ,0,1,0
INVITAR,0,0,1
INVOQUÉ,0,0,2
JESUÍTA,0,37,0
JINETES,0,2,4
JORNADA,0,2,1
JUGABAN,1,1,1
JUGAMOS,0,1,0
JUGANDO,0,0,1
JUGUETE,1,0,0
JUMENTO,0,0,1
JURABAN,1,0,1
JURASTE,0,0,2
JUVENIL,0,0,1
JUZGABA,1,0,0
JUZGADO,0,0,1
JÓVENES,0,6,26
LABORES,0,1,0
LABRADA,0,1,0
LABRADO,0,1,0
LACAYOS,0,1,0
LAMENTO,0,0,2
LAMENTÓ,0,0,1
LANCHAS,1,0,0
LANZABA,2,0,1
LANZADO,3,0,0
LANZÓSE,0,1,0
LATENTE,0,0,1
LATINES,1,0,0
LAVARME,0,0,1
LAVARON,0,0,1
LAVARSE,0,1,1
LAVISSE,0,0,2
LEANDRO,0,1,0
LECCIÓN,0,3,7
LECONTE,0,0,1
LECTURA,0,2,1
LEERLOS,0,0,1
LEGAJOS,0,1,0
LEGARTE,0,0,1
LEJANAS,1,0,0
LEJANOS,0,2,1
LEJANÍA,0,0,2
LENGUAS,0,1,3
LEVANTE,0,1,0
LEVANTÉ,0,0,12
LEVANTÓ,0,11,35
LEVITAS,0,1,0
LEYENDA,3,1,1
LEYENDO,0,3,0
LEÑADOR,0,0,1
LIBERAL,0,14,0
LIBRABA,0,1,0
LIBRADO,0,0,3
LIBRARA,0,1,0
LIBRARÁ,0,0,1
LIBRARÉ,0,0,1
LIBRERO,0,1,0
LICORES,0,0,1
LIGEROS,0,3,0
LIMONES,0,0,1
LIMPIAR,0,1,0
LISTADA,1,0,0
LITERAL,0,0,3
LLAMABA,5,10,3
LLAMADA,0,0,2
LLAMADO,2,3,9
LLAMARÁ,0,1,0
LLAMARÉ,0,0,1
LLANEZA,0,0,1
LLANURA,0,0,1
LLEGABA,4,9,1
LLEGADA,2,5,3
LLEGADO,5,17,33
LLEGARA,0,0,2
LLEGARÁ,0,2,0
LLEGASE,4,0,1
LLEGUEN,0,1,0
LLEGUES,0,0,4
LLENABA,0,1,1
LLENADO,0,0,2
LLEVABA,4,12,12
LLEVADO,3,5,0
LLEVARÁ,0,0,1
LLEVASE,1,0,2
LLORABA,5,0,2
LLORADO,0,0,1
LLORONA,1,0,0
LLUEVEN,0,1,0
LLUVIAS,1,1,0
LLÉVAME,0,0,1
LLÉVATE,0,0,1
LOCURAS,0,1,3
LOGRABA,1,2,0
LOGRADO,0,2,0
LOGRARÁ,0,1,0
LOGRARÉ,0,1,0
LOZANAS,0,0,1
LUCHABA,0,2,0
LUCHARA,1,0,0
LUCIRSE,0,1,1
LUGARES,0,3,1
LUJOSOS,0,0,1
LUJURIA,0,2,0
LUSTRAL,0,0,2
LÁMINAS,0,0,2
LÁMPARA,0,2,1
LÁSTIMA,0,2,4
LÍMITES,0,7,2
LÍMPIDA,0,0,1
LÍQUIDO,0,0,2
LÍVIDAS,0,1,0
LÚGUBRE,0,1,0
MAAROUF,0,0,1
MACIZAS,0,1,0
MACIZOS,2,0,0
MADERAS,0,0,2
MAESTRA,0,1,1
MAESTRO,3,5,3
MAIMUNA,0,0,1
MAJOREM,0,1,0
MALDIGA,0,0,1
MALDIJO,1,0,0
MALDITA,0,1,2
MALDITO,4,3,2
MALETAS,1,0,0
MALICIA,0,0,2
MALIGNA,0,1,0
MALIGNO,0,0,2
MALVADA,0,0,1
MALVADO,0,1,0
MAMALIK,0,0,3
MAMERTO,0,1,0
MAMPARA,1,2,0
MANAZAS,1,0,0
MANCEBA,0,1,0
MANCEBO,0,0,2
MANCHAS,1,1,1
MANDABA,0,1,1
MANDADO,0,0,5
MANDARÁ,0,0,2
MANDARÉ,0,0,2
MANDASE,1,0,0
MANDATO,0,1,0
MANEJAR,0,1,0
MANERAS,0,0,3
MANOJOS,1,1,0
MANOLAS,0,1,0
MANOTEO,1,0,0
MANSIÓN,0,3,1
MANTECA,0,0,1
MANTUVO,1,0,0
MANZANA,0,0,4
MARASMO,0,1,0
MARCABA,1,2,0
MARCHAR,3,2,5
MARCHAS,0,1,0
MARCHES,0,0,1
MARCIAL,0,5,0
MARDRUS,0,0,21
MARIDOS,0,0,2
MARIETA,17,0,0
MARITAL,0,1,0
MARMITA,0,0,1
MARQUÉS,0,2,0
MASCADO,1,0,0
MASCATA,0,0,1
MASSRUR,0,0,3
MATABAN,2,0,0
MATADOR,1,0,1
MATANDO,3,0,1
MATARAS,0,0,1
MATARLE,1,0,2
MATARLO,0,0,1
MATARME,0,0,3
MATARON,0,0,1
MATARTE,0,0,2
MATARÁS,0,0,1
MATARÍA,0,0,1
MATASTE,0,0,1
MATERIA,1,2,0
MAYORAL,0,0,8
MAYORDE,0,0,1
MAYORES,2,3,6
MAYORÍA,0,0,1
MECIDAS,0,0,2
MEDIRSE,0,1,0
MEDITAR,0,0,1
MEJILLA,1,0,1
MEJORES,2,1,5
MELONES,1,0,0
MELOSOS,0,1,0
MEMORIA,3,11,3
MENCIÓN,0,0,1
MENORES,1,1,1
MENSAJE,0,0,2
MENTIDO,0,0,1
MENTIRA,1,1,1
MENUDOS,0,4,0
MERCADO,2,0,1
MERECER,0,0,1
MERECES,0,0,2
MERECÍA,0,2,0
MEREZCA,0,0,1
METALES,0,0,1
METERLO,1,0,0
METERME,1,0,0
METERSE,5,0,0
METIDAS,0,1,0
METIDOS,1,0,0
METIERA,1,0,0
METIÓSE,0,1,0
MEZCLAR,0,1,0
MIEMBRO,0,1,0
MIENTES,0,1,0
MILAGRO,3,0,0
MILICIA,0,10,0
MILITAR,0,14,0
MINORÍA,0,1,0
MINUTOS,3,5,0
MIRABAN,4,5,0
MIRADAS,7,1,6
MIRADLA,1,0,0
MIRANDO,4,13,1
MIRARLA,0,1,0
MIRARLE,2,0,0
MIRARLO,0,1,0
MIRARME,0,0,1
MIRARON,0,0,1
MIRARSE,1,2,0
MIRARTE,0,0,1
MISERIA,3,0,0
MITADES,0,0,1
MOCEDAD,0,1,0
MOCOSOS,1,0,0
MODALES,0,1,1
MODERNA,0,2,0
MODESTO,1,0,0
MOHAMED,0,0,3
MOLIÈRE,0,0,1
MOLLERA,0,2,0
MOMENTO,12,20,35
MONARCA,0,8,1
MONEDAS,0,1,2
MONTADO,2,0,2
MONTAÑA,0,0,12
MONTERA,2,0,0
MORADAS,0,2,0
MORALES,0,1,2
MORENAS,0,1,0
MORFINA,1,0,0
MORILLO,0,2,0
MORIRÁS,0,0,1
MORIRÍA,0,0,1
MOSTRAR,0,2,0
MOTINES,0,2,0
MOTIVOS,0,4,3
MOUROUF,0,0,1
MOVERLA,0,2,0
MOVERLO,0,1,0
MOVERSE,0,2,0
MOVIOSE,1,0,0
MOVIÓSE,0,1,0
MUDANDO,1,0,0
MUEBLES,3,1,2
MUERTAS,1,1,0
MUERTES,0,0,1
MUERTOS,1,0,3
MUESTRA,0,8,0
MUESTRE,0,1,0
MUJERES,14,8,9
MUNDANO,0,1,0
MURALLA,0,1,0
MURIESE,1,0,0
MURMURÓ,0,1,3
MÁGICAS,0,0,1
MÁQUINA,0,1,0
MÁSCARA,0,1,0
MÁXIMAS,0,0,1
MÉDICAS,0,0,1
MÉDICOS,0,1,6
MÉRITOS,0,4,0
NACIDAS,0,1,1
NACIDOS,1,1,0
NACISTE,0,0,1
NADANDO,2,0,2
NARICES,0,1,0
NARRABA,0,0,1
NARRADO,0,1,0
NARRARÉ,0,0,1
NATURAL,0,2,0
NAVEGAR,1,0,1
NAZARIO,0,1,0
NEFASTA,0,0,1
NEGANDO,0,0,1
NEGARLE,0,1,0
NEGARTE,0,0,1
NEGASES,0,0,1
NEGOCIO,2,1,2
NEGRAZO,0,1,0
NEGRERO,1,0,0
NERVIOS,0,1,0
NINGUNA,1,11,11
NINGUNO,2,3,2
NOBLEZA,0,5,0
NODRIZA,1,0,1
NOMBRAR,0,1,0
NOMBRES,2,1,4
NOTABAN,0,1,0
NOTABLE,0,0,2
NOTANDO,1,0,0
NOTARSE,0,0,1
NOTARÍA,0,1,0
NOTICIA,3,5,3
NOVEDAD,0,2,0
NOVELAS,1,0,7
NOVENTA,0,1,2
NUESTRA,2,50,42
NUESTRO,5,44,40
NUTRIDO,1,0,0
NÚMEROS,0,1,0
OBEDECE,0,1,2
OBISPOS,1,0,0
OBJETOS,0,0,3
OBLICUA,1,0,0
OBLIGAN,0,1,0
OBRADOR,1,0,0
OBRANDO,0,0,1
OBRARÍA,0,1,0
OBSCURO,0,2,0
OBSERVÉ,0,0,1
OBSERVÓ,0,1,1
OBSTINA,0,1,0
OBTENER,0,0,1
OCASIÓN,0,9,4
OCHENTA,1,0,1
OCULTAR,3,4,2
OCULTAS,0,0,1
OCULTOS,0,1,2
OCUPABA,2,9,0
OCUPADO,1,4,2
OCUPARÁ,0,0,1
OCUPASE,1,0,0
OCUPÉIS,0,0,1
OCURREN,0,0,1
OCURRIR,0,0,2
OCURRIÓ,0,5,10
OCURRÍA,0,3,0
ODIANDO,0,1,0
OFENSAS,1,0,1
OFICIAL,1,9,0
OFRECER,0,1,1
OFRECIÓ,0,0,4
OFRECÍA,0,2,2
OFREZCO,0,0,2
OJEADAS,1,0,0
OJILLOS,2,1,0
OLIENDO,1,0,0
OLOROSA,0,0,1
OLVIDAN,1,0,0
OLVIDAR,3,1,6
OLVIDEN,1,0,0
OLVIDES,0,1,4
OMBLIGO,0,0,1
ONDULAR,0,0,1
ONÉSIMO,0,0,2
OPERASE,1,0,0
OPINABA,0,1,0
OPINIÓN,0,2,0
OPONGAN,0,1,0
OPRIMÍA,0,0,1
OPUESTA,1,0,0
OPUESTO,1,0,1
ORDENAN,1,0,0
ORDENES,0,2,0
ORFEBRE,0,0,1
ORGULLO,1,1,1
ORIENTE,0,0,4
ORILLAS,1,0,4
ORLADAS,1,0,0
ORLANDO,1,0,0
ORONDOS,0,1,0
OSCILAR,2,0,0
OSCURAS,2,0,0
OSTENTA,0,2,0
OSTENTE,0,1,0
PADECER,0,0,1
PADECÍA,0,0,1
PADRINO,0,1,0
PAISANO,0,1,0
PALABRA,3,6,12
PALACIO,1,36,50
PALADEA,0,1,0
PALADÍN,0,1,0
PALAICO,0,1,0
PALANCA,1,0,0
PALIDEZ,1,0,1
PALIZAS,1,0,0
PALMADA,1,0,0
PALMERA,1,0,1
PANDERO,0,0,1
PANZUDO,3,0,0
PAPELES,2,5,0
PAQUETE,0,1,0
PARADOS,0,1,0
PARAMOS,1,0,0
PARANDO,0,1,1
PARARON,1,0,0
PARAÍSO,0,0,2
PARCELA,1,0,0
PARECEN,2,1,0
PARECES,1,0,0
PARECIÓ,0,22,2
PARECÍA,0,29,10
PAREDES,2,5,2
PAREJAS,2,0,0
PAREZCA,0,4,0
PAREZCO,1,0,0
PARTIDA,0,5,0
PARTIDO,1,3,1
PARTIRÁ,0,0,1
PARTÍAN,0,2,0
PASABAN,7,1,0
PASADAS,1,2,1
PASADOS,2,5,3
PASAMOS,0,0,3
PASANDO,2,3,3
PASARON,3,4,9
PASEABA,2,3,0
PASEMOS,0,3,0
PASILLO,1,0,1
PASMOSA,0,1,0
PASTOSA,0,1,0
PATADAS,0,2,0
PATALEO,1,0,0
PATATAS,2,0,0
PATENTE,0,1,0
PAÑUELO,0,2,0
PECADOR,0,2,0
PECADOS,0,5,1
PECHERA,1,0,0
PEDAZOS,3,3,0
PEDIMOS,0,1,0
PEDIRLE,0,1,1
PEGABAN,2,0,0
PEGADAS,0,0,1
PEGADOS,1,0,0
PEGANDO,1,0,0
PEGARLE,0,0,1
PEGARSE,1,0,0
PEINADO,0,1,0
PELADAS,0,0,1
PELIGRA,0,1,0
PELIGRO,2,9,1
PELUCAS,0,0,1
PENDÍAN,0,0,1
PENETRÓ,0,4,1
PENOSAS,2,0,0
PENOSOS,0,0,1
PENSABA,16,6,1
PENSADO,3,2,0
PENSIÓN,0,2,0
PEQUEÑA,0,5,5
PEQUEÑO,0,5,1
PERCHAS,0,1,0
PERDIDA,1,1,1
PERDIDO,4,6,12
PERDONA,0,0,2
PERDONE,0,1,0
PERDONO,1,1,1
PERDONÓ,0,1,0
PERDÍAN,0,1,0
PERECER,0,1,4
PERECIÓ,0,0,1
PERFUME,6,4,3
PERMISO,0,2,7
PERMITA,0,4,1
PERMITE,1,1,3
PERMITO,0,1,3
PERMITÍ,0,0,1
PERSONA,4,35,6
PERÍODO,0,3,0
PESABAN,1,0,0
PESADAS,1,0,0
PESADEZ,0,1,0
PESADOS,1,2,0
PESARES,0,1,2
PESARON,0,0,1
PESARÍA,0,0,1
PESCADO,3,0,0
PESEBRE,0,0,2
PESETAS,1,1,8
PIADOSO,0,0,1
PIDIERA,2,0,0
PIEDRAS,1,0,8
PIENSAN,0,2,0
PIENSAS,1,1,1
PIERDAN,0,0,1
PIERNAS,8,3,5
PILLETE,0,1,0
PINGÜES,0,1,1
PINTADO,0,1,0
PINTURA,0,1,0
PINTÓSE,0,1,0
PIQUETA,0,0,1
PISABAN,0,1,0
PISADAS,0,1,0
PISANDO,1,0,0
PISOTÓN,0,1,0
PISTOLA,2,0,0
PLANETA,0,0,3
PLANTAS,1,0,4
PLIEGOS,0,3,0
PLÁTICA,0,3,0
POBLADA,1,1,0
POBLADO,0,1,0
POBREZA,1,1,1
PODAMOS,0,2,1
PODEMOS,1,2,1
PODERLA,0,0,1
PODERME,0,0,1
PODERÍO,0,1,3
PODRIDA,1,0,0
PODRIDO,0,0,1
PODRÉIS,0,0,1
PODRÍAN,0,1,0
PODRÍAS,0,0,1
POLICÍA,0,5,0
POLILLA,0,2,0
POMADAS,0,0,1
PONDRÁS,0,0,1
PONDRÍA,0,1,1
PONERLE,1,0,0
PONERME,0,0,2
PONERSE,0,5,1
POPULAR,0,2,1
POQUITA,1,0,0
POQUITO,2,0,0
PORTADO,1,0,1
PORTERA,0,0,1
PORTERO,0,10,0
POSEÍAN,0,0,1
POSEÍDA,0,1,0
POSEÍDO,0,4,2
POSIBLE,3,2,6
POSTERO,0,1,0
POSTIGO,0,2,0
POTENTE,0,1,0
PRADERA,0,0,1
PRECIAN,0,1,0
PRECISO,1,7,3
PREGONA,0,0,1
PREMIAR,0,1,0
PRENDAS,0,4,1
PRENDIÓ,0,0,1
PREPARA,0,1,0
PREPARÉ,0,0,1
PREPARÓ,0,1,2
PRESTAR,0,1,1
PRIMERA,9,25,22
PRIMERO,5,12,6
PRIVABA,0,0,1
PROBABA,1,0,0
PROCEDE,0,2,0
PROCURA,0,1,0
PROCURE,0,4,0
PROCURO,0,1,0
PRODUCE,0,3,3
PRODUJO,1,4,1
PROEZAS,0,2,0
PROFESA,0,2,0
PROFESO,0,1,0
PROFETA,0,0,5
PROHIBO,0,0,1
PROJECT,0,1,0
PROLOGO,0,1,0
PROMESA,0,0,3
PROMETO,0,0,3
PROPIAS,1,2,3
PROPIOS,0,8,6
PROPONE,0,1,0
PROPUSO,0,1,0
PROTEGE,0,2,0
PROTEJA,0,1,0
PRUEBAS,0,9,0
PRÓLOGO,0,0,3
PRÓXIMA,0,7,1
PRÓXIMO,0,6,1
PUBLICÓ,0,0,2
PUCHERO,1,0,0
PUDIERA,3,8,4
PUDIESE,0,0,5
PUDISTE,0,0,1
PUEBLOS,2,3,11
PUERTAS,3,8,11
PUESTAS,0,1,0
PUESTOS,0,2,1
PUNTUAL,0,1,0
PUPILAS,1,1,2
PUSIERA,1,1,1
PUSIMOS,0,0,2
PÁGINAS,0,1,3
PÁJAROS,0,0,1
PÁRRAFO,0,1,0
PÉRDIDA,0,3,6
PÉRFIDA,0,0,3
PÉRFIDO,0,0,1
PÉRSICO,0,0,1
PÍDANSE,0,0,1
PÓLVORA,0,2,0
PÓRFIDO,0,0,2
PÓRTICO,0,0,3
PÚBLICA,0,1,0
PÚBLICO,0,0,10
QUEDABA,13,8,3
QUEDADO,1,2,3
QUEDARA,0,1,0
QUEDARÁ,0,2,1
QUEDARÉ,0,0,1
QUEDASE,0,0,1
QUEDÓSE,0,8,0
QUEJABA,1,0,0
QUEJADO,1,1,0
QUEJARÉ,0,0,1
QUEJIDO,1,0,0
QUEMADO,0,1,1
QUERIDA,0,7,0
QUERIDO,4,7,11
QUERRÁS,0,1,0
QUERÉIS,0,0,2
QUERÍAN,0,1,1
QUERÍAS,0,0,1
QUIEBRE,0,0,1
QUIENES,0,9,6
QUIERAS,0,0,3
QUIEREN,3,4,2
QUIERES,1,3,7
QUIETAS,0,1,0
QUIMERA,1,0,0
QUINQUÉ,0,5,0
QUITABA,1,1,0
QUITADO,1,1,0
QUIÉNES,0,1,2
RABILLO,0,1,0
RADICAL,0,1,0
RAMAJES,1,0,0
RAPIDEZ,0,8,1
RAPIÑAS,0,1,0
RASCABA,0,1,0
RASCÓSE,0,1,0
RASGABA,2,0,0
RASGASE,1,0,0
RASTROS,0,1,0
RAZONES,3,1,1
REALCEN,0,1,0
REALEZA,0,0,1
REALIZA,0,1,0
REBELDE,1,2,0
RECALCÓ,0,1,0
RECELOS,0,1,0
RECHAZÓ,0,0,1
RECIBIR,0,9,1
RECIBIÓ,0,4,0
RECIBÍA,0,1,0
RECITAR,0,0,1
RECOBRA,0,0,2
RECOBRE,0,0,2
RECOBRÓ,0,2,2
RECOGEN,0,1,0
RECOGER,0,1,1
RECOGIÓ,0,2,2
RECOGÍA,0,1,0
RECORDÉ,0,0,1
RECORDÓ,0,2,2
RECORRÍ,0,0,2
RECURSO,1,0,2
REDONDA,2,0,0
REDONDO,2,0,2
REFERIR,0,1,0
REFIERE,0,1,1
REFIRIÓ,0,0,5
REFLEJO,1,2,0
REFLEJÓ,0,0,1
REFLUJO,0,1,0
REFORMA,0,1,0
REFUGIO,1,0,0
REGABAN,0,0,1
REGALAR,0,0,1
REGANDO,1,0,0
REGAÑAN,0,1,0
REGNIER,0,0,1
REGRESA,0,0,1
REGRESO,1,0,1
REGRESÉ,0,0,6
REGRESÓ,0,0,8
REGULAR,0,2,0
REHUYEN,1,0,0
REINABA,3,3,0
REINADO,0,2,0
REIRNOS,0,0,1
REITERÓ,0,0,2
RELATAR,1,1,0
RELATOS,0,0,9
RELEASE,0,1,0
RELIEVE,1,0,0
RELLENO,0,0,1
RELUCIR,0,0,1
REMANGÓ,0,0,3
REMEDAR,0,1,0
REMEDIA,0,1,0
REMEDIO,2,2,11
REMOTOS,0,0,2
REMOVER,0,1,0
RENACER,0,3,0
RENACÍA,0,1,0
RENDIDO,0,3,5
RENGLÓN,0,2,0
RENIEGA,0,0,1
REPARAR,0,3,0
REPARAS,0,1,0
REPARTA,0,1,0
REPARTÍ,0,0,1
REPASAR,1,1,0
REPENTE,2,3,1
REPETIR,1,0,1
REPETÍA,0,1,0
REPITIÓ,0,0,3
REPLETA,2,0,2
REPLETO,2,1,0
REPLICÓ,0,0,3
REPONER,0,1,0
REPOSAR,1,0,0
RESBALÉ,0,0,1
RESCATE,0,0,2
RESERVA,1,0,1
RESERVO,0,0,1
RESERVÉ,0,0,1
RESIDIÓ,0,1,0
RESIDUO,0,1,0
RESORTE,1,0,0
RESPETO,2,9,1
RESULTA,1,1,0
RESULTE,0,2,0
RESUMEN,0,3,0
RETABLO,1,0,0
RETANDO,0,1,0
RETORCÍ,0,0,1
RETRASO,0,1,0
RETRATO,0,4,0
RETUMBÓ,0,0,1
REUNIDA,1,0,0
REUNIÓN,0,2,0
REUNÍAN,0,1,0
REVELAN,0,0,1
REVELAR,0,2,3
REVISAR,0,0,1
REVISTE,0,1,1
REVIVIR,0,3,0
REVOLCÓ,0,0,1
REZANDO,1,1,0
RIBAZOS,3,0,0
RICARDO,0,1,0
RIESGOS,1,1,0
RIGIDEZ,1,0,0
RIGORES,0,1,0
RIQUEZA,2,0,2
RIZADAS,1,0,0
ROBADOS,0,1,0
ROBANDO,0,1,0
ROBARLE,0,1,0
ROBARME,0,1,0
ROBARON,1,0,0
ROBASEN,1,0,0
ROBUSTA,0,1,0
ROBUSTO,0,0,3
ROCINES,1,0,0
ROCÍALA,0,0,1
RODABAN,1,0,0
RODAMOS,1,0,0
RODANDO,1,0,0
RODARON,1,0,0
RODEABA,0,1,1
RODEADA,1,0,0
RODEADO,2,3,2
RODILLA,1,1,0
ROGARON,0,0,1
ROGARTE,0,0,1
ROJIZAS,1,0,0
ROMANOS,0,1,1
RONDABA,1,0,0
ROPEROS,0,0,2
ROSADAS,0,1,0
ROSARIO,2,2,0
ROSTROS,1,5,0
ROYENDO,1,0,0
ROZABAN,0,1,0
ROZADOS,1,0,0
ROZANDO,1,1,0
RUBORES,0,1,0
RUGIDOS,0,3,0
RUIDOSO,1,1,0
RUMBOSO,0,1,0
RUMORES,2,0,0
RUPTURA,0,0,2
RÁPIDAS,0,1,0
RÁPIDOS,0,3,0
RÉGIMEN,0,2,0
RÚSTICA,0,1,0
SABEMOS,0,1,2
SABERLO,1,0,0
SABERSE,1,0,0
SACABAN,3,0,0
SACADAS,0,0,1
SACADOS,0,1,1
SACANDO,4,1,2
SACARLA,0,0,1
SACARLE,0,1,0
SACARON,0,2,1
SACARSE,0,2,0
SACARTE,0,0,1
SACIADO,0,1,0
SACUDIR,0,1,1
SACUDIÓ,0,0,2
SAGRADA,0,2,1
SAGRADO,0,4,1
SALARIO,0,0,1
SALDRÁS,0,0,2
SALDRÍA,0,1,0
SALIDOS,0,2,0
SALIERA,1,2,0
SALIESE,1,0,0
SALIMOS,0,0,5
SALIRLE,1,0,0
SALONES,2,7,1
SALTABA,5,2,0
SALUDAR,0,2,3
SALUDOS,0,2,2
SALVABA,1,0,0
SALVADO,2,2,6
SALVAJE,0,1,0
SAQUITO,1,0,2
SASTRES,0,0,3
SATANÁS,0,1,0
SATURNO,0,0,1
SECARSE,1,0,0
SECCIÓN,0,2,0
SECRETA,0,1,2
SECRETO,0,6,8
SEDOSAS,1,0,0
SEDOSOS,0,0,1
SEGANDO,1,0,0
SEGUIDA,2,0,63
SEGUIDO,2,2,1
SEGUNDA,2,2,19
SEGUNDO,1,0,11
SEGUROS,0,0,1
SEGUÍAN,0,2,1
SELECTA,0,0,1
SEMANAS,2,0,0
SEMILLA,0,0,1
SEMITAS,0,0,1
SENTABA,2,0,0
SENTADA,0,1,2
SENTADO,4,1,8
SENTARA,0,1,1
SENTARÉ,0,0,1
SENTASE,0,0,1
SENTIDO,2,3,3
SENTÍAN,0,1,0
SENTÓSE,0,3,0
SEPARAN,0,1,0
SEPARAR,0,1,0
SEREMOS,0,1,0
SERENOS,0,1,0
SERVIDO,0,2,2
SERVIRÁ,0,0,1
SERVIRÉ,0,0,1
SERVÍAN,0,1,1
SESENTA,2,1,2
SETENTA,2,1,2
SEVILLA,0,2,0
SEÑALAR,0,0,2
SEÑALES,0,4,1
SEÑORAS,0,2,9
SEÑORES,0,2,1
SIEMPRE,37,50,20
SIENTAS,0,0,2
SIENTEN,0,1,0
SIENTES,0,1,0
SILBIDO,2,0,0
SIMPLES,1,3,1
SINDBAD,0,0,2
SISTEMA,0,2,0
SITUADA,0,0,4
SITUADO,0,1,1
SOBRINO,0,0,2
SOCORRO,0,1,0
SOFOCAR,1,0,0
SOLARES,1,0,0
SOLDADO,1,5,0
SOLEDAD,2,0,5
SOLEMNE,2,1,0
SOLTABA,1,0,0
SOLTERA,1,0,0
SOLTERO,0,0,1
SOMBRAS,1,4,0
SOMBRÍA,0,2,0
SOMBRÍO,0,1,0
SONABAN,5,1,0
SONANDO,2,0,0
SONARON,2,6,0
SONDEAR,1,1,0
SONETOS,0,1,0
SONIDOS,1,2,1
SONORAS,0,1,0
SONREÍA,0,4,0
SONREÍR,0,3,0
SONRISA,10,11,6
SONRÍEN,0,1,0
SOPETÓN,0,1,0
SOPLABA,3,0,1
SOPLADO,1,0,0
SOPLARÁ,0,0,1
SORBETE,0,0,1
SORDINA,0,0,2
SOSIEGO,0,0,1
SOSLAYO,0,1,0
SOSTUVE,0,0,1
SOTANAS,1,4,0
SOÑADAS,0,0,2
SOÑANDO,0,1,1
SPANISH,0,1,0
STÉFANE,0,0,1
SUBLIME,0,3,1
SUCESOS,0,9,1
SUDARIO,0,0,2
SUELTAS,0,0,1
SUERTES,1,0,0
SUFRIDA,1,0,1
SUFRIDO,1,0,3
SUJETAR,1,0,0
SUJETOS,0,2,0
SULEIKA,0,0,1
SULTANA,0,0,1
SUNNITA,0,0,1
SUPERAR,0,0,1
SUPIERA,0,3,1
SUPIESE,0,0,2
SUPLICO,0,0,2
SUPONES,0,0,1
SUPONÍA,0,0,1
SUPREMA,0,1,0
SUPREMO,0,1,0
SURCADA,0,1,0
SURCADO,0,2,0
SURGIDO,0,1,0
SURGÍAN,0,1,0
SUSPIRO,1,1,0
SUSURRO,0,2,0
SUTILES,0,0,2
SÉPTIMA,0,0,1
SÉQUITO,0,0,1
SÍLABAS,0,1,0
SÓLIDAS,0,0,1
SÓLIDOS,0,0,1
SÓNNICA,0,0,2
TABERNA,5,2,0
TAIMADA,0,0,1
TALEGOS,1,0,0
TALENTO,0,5,2
TALLABA,0,1,0
TALLADA,0,1,0
TAMAÑOS,0,1,0
TAMBIÉN,0,15,41
TAMPOCO,0,10,3
TAPARON,1,0,0
TAPARSE,1,0,0
TAPICES,0,0,7
TARDABA,0,0,1
TARDADO,0,0,1
TARDARÁ,0,2,0
TARTANA,6,0,0
TEJADOS,0,2,0
TEJIDAS,0,0,1
TEMBLAR,1,0,1
TEMIBLE,2,0,0
TEMIERA,4,0,0
TEMORES,0,0,1
TENACES,0,1,0
TENAZAS,0,1,0
TENDIDA,1,1,3
TENDIDO,3,1,5
TENDRÁN,0,0,2
TENDRÁS,0,0,2
TENDRÍA,0,9,1
TENEMOS,2,7,4
TENERLE,0,1,1
TENERME,0,1,0
TENGÁIS,0,0,2
TENTADO,0,2,0
TENTASE,1,0,0
TERCERA,2,2,15
TERCERO,0,0,2
TERMINA,0,1,4
TERMINE,0,2,0
TERMINÓ,0,1,1
TERNERO,0,0,6
TERRENO,0,2,0
TERRUÑO,0,1,0
TERSURA,1,0,0
TESOROS,0,0,2
TESTERO,0,0,1
TESTIGO,1,1,2
TIEMBLE,0,1,0
TIEMBLO,0,1,0
TIEMPOS,11,16,1
TIENDAS,0,0,4
TIENTAS,1,1,0
TIERNAS,0,1,0
TIERRAS,1,1,1
TIMIDEZ,1,0,1
TIMONEL,1,0,0
TINAYRE,0,0,1
TIRABAN,1,0,0
TIRADOR,1,0,0
TIRANDO,1,1,1
TIRANOS,0,1,0
TIRANÍA,0,2,0
TIRARLE,0,1,0
TIRARON,2,0,0
TIRASEN,2,0,0
TIROTEO,0,1,0
TIZONES,0,0,1
TOCABAN,1,1,1
TOCADOR,0,2,0
TOCANDO,0,2,0
TOCANTE,0,2,0
TOCARLE,2,0,0
TOCASEN,1,0,0
TODAVÍA,0,10,13
TOLERAR,0,1,1
TOMABAN,1,0,0
TOMAMOS,0,0,1
TOMANDO,2,5,3
TOMARLO,1,0,0
TOMARME,0,0,1
TOMARON,1,0,0
TOMARSE,0,2,0
TOMEMOS,0,0,1
TONILLO,0,3,0
TOPANDO,0,1,0
TORCIDA,1,0,0
TORNARÉ,0,0,1
TORNÓSE,0,2,0
TORPEZA,1,0,0
TORTURA,0,0,2
TOSTABA,1,0,0
TOZUDOS,1,0,0
TRABAJA,1,1,1
TRABAJO,7,5,3
TRABUCO,0,3,0
TRADUCE,0,0,1
TRAEDLE,0,0,1
TRAERLA,0,1,0
TRAERLO,0,0,1
TRAGABA,1,0,0
TRAGADO,2,1,0
TRAGARA,0,1,0
TRAIDOR,0,1,1
TRAIGAN,1,0,1
TRAJERA,0,1,0
TRAJESE,0,0,2
TRAMPAS,0,1,0
TRANCES,1,0,0
TRASERA,0,0,1
TRASERO,0,0,2
TRASTOS,1,0,0
TRATABA,4,0,0
TRATADO,1,1,0
TRATARA,1,0,0
TRATARÁ,0,1,0
TRATASE,0,1,0
TRAZABA,1,0,0
TRECHOS,0,1,0
TREINTA,7,1,1
TRIBUNA,0,1,0
TRIENIO,0,1,0
TRISTES,2,2,1
TRIUNFE,0,1,0
TRIUNFO,2,5,1
TROCOSE,1,0,0
TROCÓSE,0,1,0
TROPEZÓ,0,1,0
TROTADO,1,0,0
TRUENOS,0,1,0
TRÁFICO,0,1,0
TRÁGICO,0,1,0
TRÉMULO,0,0,1
TUERTOS,0,0,5
TUPIDAS,1,0,0
TURBADO,0,1,1
TUVIERA,2,2,0
TUVIESE,0,0,2
TUVIMOS,1,1,0
TUVISTE,0,0,4
TÁCTICA,0,3,0
TÉRMINO,0,0,2
TÉTRICA,0,2,0
TÉTRICO,0,1,0
TÍMIDAS,0,0,1
TÍMIDOS,0,1,0
TÚMBATE,0,0,1
UNIERON,0,1,0
UNTARME,0,0,1
UNTARTE,0,0,1
USTEDES,4,6,0
VACANTE,0,1,0
VAGANDO,1,0,0
VAGONES,2,0,0
VALERIO,0,0,1
VALERME,0,0,1
VALIOSA,0,1,0
VALIOSO,0,1,0
VAMPIRO,0,0,5
VANIDAD,0,1,0
VAPORES,2,0,0
VARALES,1,0,0
VARONIL,0,4,0
VAYAMOS,0,2,0
VECINAS,7,1,0
VECINOS,12,6,2
VELADAS,1,0,0
VELADOR,0,1,0
VELARAN,0,0,1
VELASCO,0,0,1
VELILLO,2,0,2
VELLOSO,1,0,0
VELOCES,0,1,0
VENCIDA,3,1,0
VENCIDO,1,2,1
VENDERÉ,0,0,2
VENDIDO,0,1,0
VENDRÁS,0,0,1
VENGARÉ,0,0,1
VENGUES,0,0,1
VENIDAS,1,1,0
VENIMOS,0,1,0
VENTAJA,1,1,0
VENTANA,0,6,1
VERANEO,1,0,0
VERDUGO,2,1,3
VEREMOS,0,2,2
VERSADA,0,0,2
VERSADO,0,1,1
VERSIÓN,0,0,3
VESTIDA,3,0,3
VESTIDO,2,5,4
VESTÍAN,0,1,0
VETEADA,1,0,0
VETUSTO,0,1,0
VEÍANSE,0,2,1
VIAJABA,2,0,0
VIAJADO,0,0,1
VIAJERO,2,0,1
VICARIO,0,3,1
VICENTE,0,3,2
VIDRIOS,0,3,0
VIENTOS,1,1,1
VIENTRE,6,0,2
VINIERA,2,1,1
VINISTE,0,0,3
VIRILES,0,0,1
VISAJES,0,1,0
VISIBLE,1,3,0
VISIRES,0,0,6
VISITAR,1,3,5
VISITAS,1,9,1
VISTOSO,0,1,0
VITALES,0,0,1
VITORIA,0,1,0
VIVEROS,2,0,0
VIVIDAS,0,0,1
VIVIERA,1,0,0
VIVIMOS,0,0,6
VIÑETAS,0,0,1
VOLANDO,1,0,3
VOLARÁN,0,0,1
VOLUMEN,0,0,5
VOLVERÁ,0,3,2
VOLVERÉ,0,2,3
VOMITAR,0,0,1
VORACES,1,0,0
VUELTAS,0,0,4
VUELVAN,0,1,0
VUELVAS,0,0,4
VUELVEN,0,0,1
VUELVES,0,0,5
VUESTRA,1,34,15
VUESTRO,0,4,6
VÉRTIGO,0,1,0
VÍBORAS,0,1,0
VÍCTIMA,0,8,2
VÍVERES,0,0,1
ZAFIROS,0,0,1
ZAMARRA,1,0,0
ZAPATOS,3,4,0
ZOBEIDA,0,0,10
ZOZOBRA,0,3,0
ZUMBABA,1,0,0
ÁRBOLES,0,0,2
ÉNFASIS,0,1,0
ÉXTASIS,0,1,1
ÍMPETUS,0,1,0
ÍNCLITO,0,2,0
ÍNFIMOS,0,1,0
ÍNTIMAS,0,1,0
ÓRDENES,0,12,3
ÚLTIMAS,0,7,0
ÚLTIMOS,0,1,1
